frame,time_s,people,max_zone_count,max_level
0,0.0,18,5,Medium
1,0.04,18,5,Medium
2,0.08,18,5,Medium
3,0.13,19,5,Medium
4,0.17,19,5,Medium
5,0.21,19,5,Medium
6,0.25,19,4,Medium
7,0.29,19,4,Medium
8,0.33,19,4,Medium
9,0.38,18,4,Medium
10,0.42,18,4,Medium
11,0.46,18,4,Medium
12,0.5,21,5,Medium
13,0.54,21,5,Medium
14,0.58,21,5,Medium
15,0.63,19,5,Medium
16,0.67,19,5,Medium
17,0.71,19,5,Medium
18,0.75,18,6,High
19,0.79,18,6,High
20,0.83,18,6,High
21,0.88,20,6,High
22,0.92,20,6,High
23,0.96,20,6,High
24,1.0,20,6,High
25,1.04,20,6,High
26,1.08,20,6,High
27,1.13,21,7,Critical
28,1.17,21,7,Critical
29,1.21,21,7,Critical
30,1.25,20,6,High
31,1.29,20,6,High
32,1.33,20,6,High
33,1.38,20,6,High
34,1.42,20,6,High
35,1.46,20,6,High
36,1.5,19,5,Medium
37,1.54,19,5,Medium
38,1.58,19,5,Medium
39,1.63,18,4,Medium
40,1.67,18,4,Medium
41,1.71,18,4,Medium
42,1.75,17,5,Medium
43,1.79,17,5,Medium
44,1.84,17,5,Medium
45,1.88,15,3,Low
46,1.92,15,3,Low
47,1.96,15,3,Low
48,2.0,18,4,Medium
49,2.04,18,4,Medium
50,2.09,18,4,Medium
51,2.13,17,4,Medium
52,2.17,17,4,Medium
53,2.21,17,4,Medium
54,2.25,16,4,Medium
55,2.29,16,4,Medium
56,2.34,16,4,Medium
57,2.38,15,4,Medium
58,2.42,15,4,Medium
59,2.46,15,4,Medium
60,2.5,17,4,Medium
61,2.54,17,4,Medium
62,2.59,17,4,Medium
63,2.63,16,4,Medium
64,2.67,16,4,Medium
65,2.71,16,4,Medium
66,2.75,14,4,Medium
67,2.79,14,4,Medium
68,2.84,14,4,Medium
69,2.88,17,5,Medium
70,2.92,17,5,Medium
71,2.96,17,5,Medium
72,3.0,18,5,Medium
73,3.04,18,5,Medium
74,3.09,18,5,Medium
75,3.13,16,5,Medium
76,3.17,16,5,Medium
77,3.21,16,5,Medium
78,3.25,15,5,Medium
79,3.29,15,5,Medium
80,3.34,15,5,Medium
81,3.38,18,6,High
82,3.42,18,6,High
83,3.46,18,6,High
84,3.5,17,5,Medium
85,3.55,17,5,Medium
86,3.59,17,5,Medium
87,3.63,16,5,Medium
88,3.67,16,5,Medium
89,3.71,16,5,Medium
90,3.75,16,5,Medium
91,3.8,16,5,Medium
92,3.84,16,5,Medium
93,3.88,15,4,Medium
94,3.92,15,4,Medium
95,3.96,15,4,Medium
96,4.0,14,3,Low
97,4.05,14,3,Low
98,4.09,14,3,Low
99,4.13,16,4,Medium
100,4.17,16,4,Medium
101,4.21,16,4,Medium
102,4.25,13,3,Low
103,4.3,13,3,Low
104,4.34,13,3,Low
105,4.38,13,3,Low
106,4.42,13,3,Low
107,4.46,13,3,Low
108,4.5,13,3,Low
109,4.55,13,3,Low
110,4.59,13,3,Low
111,4.63,18,6,High
112,4.67,18,6,High
113,4.71,18,6,High
114,4.75,14,3,Low
115,4.8,14,3,Low
116,4.84,14,3,Low
117,4.88,15,3,Low
118,4.92,15,3,Low
119,4.96,15,3,Low
120,5.01,17,3,Low
121,5.05,17,3,Low
122,5.09,17,3,Low
123,5.13,17,5,Medium
124,5.17,17,5,Medium
125,5.21,17,5,Medium
126,5.26,17,6,High
127,5.3,17,6,High
128,5.34,17,6,High
129,5.38,10,5,Medium
130,5.42,10,5,Medium
131,5.46,10,5,Medium
132,5.51,10,2,Low
133,5.55,10,2,Low
134,5.59,10,2,Low
135,5.63,7,3,Low
136,5.67,7,3,Low
137,5.71,7,3,Low
138,5.76,12,6,High
139,5.8,12,6,High
140,5.84,12,6,High
141,5.88,13,4,Medium
142,5.92,13,4,Medium
143,5.96,13,4,Medium
144,6.01,17,4,Medium
145,6.05,17,4,Medium
146,6.09,17,4,Medium
147,6.13,17,5,Medium
148,6.17,17,5,Medium
149,6.21,17,5,Medium
150,6.26,17,5,Medium
151,6.3,17,5,Medium
152,6.34,17,5,Medium
153,6.38,15,5,Medium
154,6.42,15,5,Medium
155,6.46,15,5,Medium
156,6.51,16,4,Medium
157,6.55,16,4,Medium
158,6.59,16,4,Medium
159,6.63,15,4,Medium
160,6.67,15,4,Medium
161,6.72,15,4,Medium
162,6.76,15,4,Medium
163,6.8,15,4,Medium
164,6.84,15,4,Medium
165,6.88,15,4,Medium
166,6.92,15,4,Medium
167,6.97,15,4,Medium
168,7.01,15,4,Medium
169,7.05,15,4,Medium
170,7.09,15,4,Medium
171,7.13,15,4,Medium
172,7.17,15,4,Medium
173,7.22,15,4,Medium
174,7.26,14,4,Medium
175,7.3,14,4,Medium
176,7.34,14,4,Medium
177,7.38,15,4,Medium
178,7.42,15,4,Medium
179,7.47,15,4,Medium
180,7.51,15,4,Medium
181,7.55,15,4,Medium
182,7.59,15,4,Medium
183,7.63,14,4,Medium
184,7.67,14,4,Medium
185,7.72,14,4,Medium
186,7.76,16,5,Medium
187,7.8,16,5,Medium
188,7.84,16,5,Medium
189,7.88,14,4,Medium
190,7.92,14,4,Medium
191,7.97,14,4,Medium
192,8.01,16,4,Medium
193,8.05,16,4,Medium
194,8.09,16,4,Medium
195,8.13,14,4,Medium
196,8.17,14,4,Medium
197,8.22,14,4,Medium
198,8.26,13,4,Medium
199,8.3,13,4,Medium
200,8.34,13,4,Medium
201,8.38,14,4,Medium
202,8.43,14,4,Medium
203,8.47,14,4,Medium
204,8.51,14,4,Medium
205,8.55,14,4,Medium
206,8.59,14,4,Medium
207,8.63,13,4,Medium
208,8.68,13,4,Medium
209,8.72,13,4,Medium
210,8.76,15,5,Medium
211,8.8,15,5,Medium
212,8.84,15,5,Medium
213,8.88,12,3,Low
214,8.93,12,3,Low
215,8.97,12,3,Low
216,9.01,12,3,Low
217,9.05,12,3,Low
218,9.09,12,3,Low
219,9.13,11,3,Low
220,9.18,11,3,Low
221,9.22,11,3,Low
222,9.26,12,2,Low
223,9.3,12,2,Low
224,9.34,12,2,Low
225,9.38,12,3,Low
226,9.43,12,3,Low
227,9.47,12,3,Low
228,9.51,15,4,Medium
229,9.55,15,4,Medium
230,9.59,15,4,Medium
231,9.63,15,5,Medium
232,9.68,15,5,Medium
233,9.72,15,5,Medium
234,9.76,14,4,Medium
235,9.8,14,4,Medium
236,9.84,14,4,Medium
237,9.88,14,4,Medium
238,9.93,14,4,Medium
239,9.97,14,4,Medium
240,10.01,17,5,Medium
241,10.05,17,5,Medium
242,10.09,17,5,Medium
243,10.14,16,5,Medium
244,10.18,16,5,Medium
245,10.22,16,5,Medium
246,10.26,16,6,High
247,10.3,16,6,High
248,10.34,16,6,High
249,10.39,15,6,High
250,10.43,15,6,High
251,10.47,15,6,High
252,10.51,19,7,Critical
253,10.55,19,7,Critical
254,10.59,19,7,Critical
255,10.64,18,6,High
256,10.68,18,6,High
257,10.72,18,6,High
258,10.76,17,7,Critical
259,10.8,17,7,Critical
260,10.84,17,7,Critical
261,10.89,16,5,Medium
262,10.93,16,5,Medium
263,10.97,16,5,Medium
264,11.01,18,6,High
265,11.05,18,6,High
266,11.09,18,6,High
267,11.14,18,6,High
268,11.18,18,6,High
269,11.22,18,6,High
270,11.26,18,5,Medium
271,11.3,18,5,Medium
272,11.34,18,5,Medium
273,11.39,17,5,Medium
274,11.43,17,5,Medium
275,11.47,17,5,Medium
276,11.51,18,5,Medium
277,11.55,18,5,Medium
278,11.59,18,5,Medium
279,11.64,19,6,High
280,11.68,19,6,High
281,11.72,19,6,High
282,11.76,18,5,Medium
283,11.8,18,5,Medium
284,11.85,18,5,Medium
285,11.89,17,4,Medium
286,11.93,17,4,Medium
287,11.97,17,4,Medium
288,12.01,16,5,Medium
289,12.05,16,5,Medium
290,12.1,16,5,Medium
291,12.14,14,4,Medium
292,12.18,14,4,Medium
293,12.22,14,4,Medium
294,12.26,14,3,Low
295,12.3,14,3,Low
296,12.35,14,3,Low
297,12.39,13,3,Low
298,12.43,13,3,Low
299,12.47,13,3,Low
300,12.51,16,4,Medium
301,12.55,16,4,Medium
302,12.6,16,4,Medium
303,12.64,15,4,Medium
304,12.68,15,4,Medium
305,12.72,15,4,Medium
306,12.76,15,4,Medium
307,12.8,15,4,Medium
308,12.85,15,4,Medium
309,12.89,12,4,Medium
310,12.93,12,4,Medium
311,12.97,12,4,Medium
312,13.01,15,4,Medium
313,13.05,15,4,Medium
314,13.1,15,4,Medium
315,13.14,14,4,Medium
316,13.18,14,4,Medium
317,13.22,14,4,Medium
318,13.26,16,4,Medium
319,13.3,16,4,Medium
320,13.35,16,4,Medium
321,13.39,19,6,High
322,13.43,19,6,High
323,13.47,19,6,High
324,13.51,19,5,Medium
325,13.56,19,5,Medium
326,13.6,19,5,Medium
327,13.64,18,4,Medium
328,13.68,18,4,Medium
329,13.72,18,4,Medium
330,13.76,16,4,Medium
331,13.81,16,4,Medium
332,13.85,16,4,Medium
333,13.89,17,4,Medium
334,13.93,17,4,Medium
335,13.97,17,4,Medium
336,14.01,19,5,Medium
337,14.06,19,5,Medium
338,14.1,19,5,Medium
339,14.14,18,5,Medium
340,14.18,18,5,Medium
341,14.22,18,5,Medium
342,14.26,16,5,Medium
343,14.31,16,5,Medium
344,14.35,16,5,Medium
345,14.39,19,6,High
346,14.43,19,6,High
347,14.47,19,6,High
348,14.51,19,6,High
349,14.56,19,6,High
350,14.6,19,6,High
351,14.64,20,6,High
352,14.68,20,6,High
353,14.72,20,6,High
354,14.76,18,5,Medium
355,14.81,18,5,Medium
356,14.85,18,5,Medium
357,14.89,18,6,High
358,14.93,18,6,High
359,14.97,18,6,High
360,15.02,16,6,High
361,15.06,16,6,High
362,15.1,16,6,High
363,15.14,16,6,High
364,15.18,16,6,High
365,15.22,16,6,High
366,15.27,15,6,High
367,15.31,15,6,High
368,15.35,15,6,High
369,15.39,14,5,Medium
370,15.43,14,5,Medium
371,15.47,14,5,Medium
372,15.52,15,4,Medium
373,15.56,15,4,Medium
374,15.6,15,4,Medium
375,15.64,16,5,Medium
376,15.68,16,5,Medium
377,15.72,16,5,Medium
378,15.77,17,5,Medium
379,15.81,17,5,Medium
380,15.85,17,5,Medium
381,15.89,16,5,Medium
382,15.93,16,5,Medium
383,15.97,16,5,Medium
384,16.02,18,5,Medium
385,16.06,18,5,Medium
386,16.1,18,5,Medium
387,16.14,20,6,High
388,16.18,20,6,High
389,16.22,20,6,High
390,16.27,17,5,Medium
391,16.31,17,5,Medium
392,16.35,17,5,Medium
393,16.39,18,5,Medium
394,16.43,18,5,Medium
395,16.47,18,5,Medium
396,16.52,18,5,Medium
397,16.56,18,5,Medium
398,16.6,18,5,Medium
399,16.64,20,5,Medium
400,16.68,20,5,Medium
401,16.73,20,5,Medium
402,16.77,17,5,Medium
403,16.81,17,5,Medium
404,16.85,17,5,Medium
405,16.89,19,5,Medium
406,16.93,19,5,Medium
407,16.98,19,5,Medium
408,17.02,19,5,Medium
409,17.06,19,5,Medium
410,17.1,19,5,Medium
411,17.14,19,5,Medium
412,17.18,19,5,Medium
413,17.23,19,5,Medium
414,17.27,18,4,Medium
415,17.31,18,4,Medium
416,17.35,18,4,Medium
417,17.39,18,4,Medium
418,17.43,18,4,Medium
419,17.48,18,4,Medium
420,17.52,18,4,Medium
421,17.56,18,4,Medium
422,17.6,18,4,Medium
423,17.64,17,4,Medium
424,17.68,17,4,Medium
425,17.73,17,4,Medium
426,17.77,17,5,Medium
427,17.81,17,5,Medium
428,17.85,17,5,Medium
429,17.89,17,4,Medium
430,17.93,17,4,Medium
431,17.98,17,4,Medium
432,18.02,19,7,Critical
433,18.06,19,7,Critical
434,18.1,19,7,Critical
435,18.14,17,5,Medium
436,18.18,17,5,Medium
437,18.23,17,5,Medium
438,18.27,19,6,High
439,18.31,19,6,High
440,18.35,19,6,High
441,18.39,20,7,Critical
442,18.44,20,7,Critical
443,18.48,20,7,Critical
444,18.52,20,7,Critical
